comment_date,star,content,author
2025-01-01,5,订单支付很顺利,synthetic-commerce-1-0
2025-01-04,1,订单重复扣款,synthetic-commerce-1-1
2025-01-07,4,演示订单支付,synthetic-commerce-1-2
2025-01-10,5,支付页面很漂亮,synthetic-commerce-1-3
2025-01-13,2,快递迟迟没到,synthetic-commerce-1-4
2025-01-16,5,物流信息准确,synthetic-commerce-1-5
2025-01-19,2,界面卡顿,synthetic-commerce-1-6
2025-01-22,5,操作流畅,synthetic-commerce-1-7
2025-01-25,1,登录失败,synthetic-commerce-1-8
2025-02-01,5,订单支付很顺利,synthetic-commerce-2-0
2025-02-04,1,订单重复扣款,synthetic-commerce-2-1
2025-02-07,4,演示订单支付,synthetic-commerce-2-2
2025-02-10,5,支付页面很漂亮,synthetic-commerce-2-3
2025-02-13,2,快递迟迟没到,synthetic-commerce-2-4
2025-02-16,5,物流信息准确,synthetic-commerce-2-5
2025-02-19,2,界面卡顿,synthetic-commerce-2-6
2025-02-22,5,操作流畅,synthetic-commerce-2-7
2025-02-25,1,登录失败,synthetic-commerce-2-8
2025-03-01,5,订单支付很顺利,synthetic-commerce-3-0
2025-03-04,1,订单重复扣款,synthetic-commerce-3-1
2025-03-07,4,演示订单支付,synthetic-commerce-3-2
2025-03-10,5,支付页面很漂亮,synthetic-commerce-3-3
2025-03-13,2,快递迟迟没到,synthetic-commerce-3-4
2025-03-16,5,物流信息准确,synthetic-commerce-3-5
2025-03-19,2,界面卡顿,synthetic-commerce-3-6
2025-03-22,5,操作流畅,synthetic-commerce-3-7
2025-03-25,1,登录失败,synthetic-commerce-3-8
