period,conversation
2025-01-01~2025-01-28,"用户：视频播放卡顿
客服：请描述操作步骤。"
2025-01-01~2025-01-28,"用户：下载文件失败
客服：请描述操作步骤。"
2025-01-01~2025-01-28,"用户：网页搜索不到内容
客服：请描述操作步骤。"
2025-02-01~2025-02-28,"用户：视频播放卡顿
客服：请描述操作步骤。"
2025-02-01~2025-02-28,"用户：下载文件失败
客服：请描述操作步骤。"
2025-02-01~2025-02-28,"用户：网页搜索不到内容
客服：请描述操作步骤。"
2025-03-01~2025-03-28,"用户：视频播放卡顿
客服：请描述操作步骤。"
2025-03-01~2025-03-28,"用户：下载文件失败
客服：请描述操作步骤。"
2025-03-01~2025-03-28,"用户：网页搜索不到内容
客服：请描述操作步骤。"
2025-04-01~2025-04-28,"用户：视频播放卡顿
客服：请描述操作步骤。"
2025-04-01~2025-04-28,"用户：下载文件失败
客服：请描述操作步骤。"
2025-04-01~2025-04-28,"用户：网页搜索不到内容
客服：请描述操作步骤。"
